{"name":"AboutUsIntent","identifier":"TMSKPBHZJU","description":"Intent que fornece mais informações sobre a empresa Compass.","parentIntentSignature":null,"sampleUtterances":[{"utterance":"sobre nós"},{"utterance":"abrir sobre nós"},{"utterance":"mais informações sobre a compass"},{"utterance":"mais informações sobre a empresa"},{"utterance":"informações da empresa"},{"utterance":"informações da compass"},{"utterance":"sobre a compass"},{"utterance":"sobre a empresa"},{"utterance":"informações"}],"intentConfirmationSetting":null,"intentClosingSetting":null,"initialResponseSetting":{"conditional":null,"codeHook":{"isActive":true,"enableCodeHookInvocation":true,"postCodeHookSpecification":{"failureResponse":null,"failureNextStep":{"sessionAttributes":null,"intent":{"name":null,"slots":null},"dialogAction":{"type":"EndConversation","slotToElicit":null,"suppressNextMessage":null}},"failureConditional":null,"successResponse":null,"successNextStep":{"sessionAttributes":null,"intent":{"name":null,"slots":null},"dialogAction":{"type":"EndConversation","slotToElicit":null,"suppressNextMessage":null}},"successConditional":null,"timeoutResponse":null,"timeoutNextStep":{"sessionAttributes":null,"intent":{"name":null,"slots":null},"dialogAction":{"type":"EndConversation","slotToElicit":null,"suppressNextMessage":null}},"timeoutConditional":null},"invocationLabel":null},"nextStep":{"sessionAttributes":null,"intent":{"name":null,"slots":null},"dialogAction":{"type":"InvokeDialogCodeHook","slotToElicit":null,"suppressNextMessage":null}},"initialResponse":{"messageGroupsList":[{"message":{"ssmlMessage":null,"customPayload":null,"plainTextMessage":null,"imageResponseCard":{"title":"O ativo mais importante da vida: O Tempo!","subtitle":null,"imageUrl":"https://novobucket66.s3.amazonaws.com/tempo-ampulheta-ming-c-chiu-shutterstock.jpg","buttonsList":null}},"variations":null},{"message":{"ssmlMessage":null,"customPayload":null,"plainTextMessage":{"value":"A Compass UOL agora é uma empresa focada em AI Transformation."},"imageResponseCard":null},"variations":null},{"message":{"ssmlMessage":null,"customPayload":null,"plainTextMessage":{"value":" Acreditamos na inteligência artificial para melhorar ainda mais o que já fazemos com qualidade, acelerando processos e otimizando recursos."},"imageResponseCard":null},"variations":null},{"message":{"ssmlMessage":null,"customPayload":null,"plainTextMessage":{"value":" Estamos transformando grandes profissionais em desenvolvedores de excelência capazes de entregar mais e melhor para que nossos clientes cresçam de forma exponencialmente mais rápida, economizem recursos e ganhem o bem mais valioso do mundo: O Tempo!"},"imageResponseCard":null},"variations":null}],"allowInterrupt":true}},"inputContexts":null,"outputContexts":null,"kendraConfiguration":null,"qnAIntentConfiguration":null,"bedrockAgentIntentConfiguration":null,"dialogCodeHook":null,"fulfillmentCodeHook":null,"slotPriorities":[]}