{"name":"JobsIntent","identifier":"HHN2RJTUD8","description":"Intent de vagas do nosso chat bot que chama \"Consultar vagas\", \"Candidatar-se em uma vaga\" ou \"Consultar aplicações\".","parentIntentSignature":null,"sampleUtterances":[{"utterance":"vagas"},{"utterance":"opção vagas"},{"utterance":"vagas disponíveis"},{"utterance":"parte de vagas"},{"utterance":"empregos"},{"utterance":"parte de emprego"},{"utterance":"informações sobre vagas"},{"utterance":"informações sobre empregos"}],"intentConfirmationSetting":null,"intentClosingSetting":{"isActive":false,"nextStep":{"sessionAttributes":null,"dialogAction":{"type":"EndConversation","slotToElicit":null,"suppressNextMessage":null},"intent":{"name":null,"slots":null}},"closingResponse":null},"initialResponseSetting":{"conditional":null,"codeHook":{"isActive":true,"enableCodeHookInvocation":true,"invocationLabel":null,"postCodeHookSpecification":{"failureResponse":null,"failureNextStep":{"sessionAttributes":null,"dialogAction":{"type":"EndConversation","slotToElicit":null,"suppressNextMessage":null},"intent":{"name":null,"slots":null}},"failureConditional":null,"successResponse":null,"successNextStep":{"sessionAttributes":null,"dialogAction":{"type":"ElicitSlot","slotToElicit":"JobOptions","suppressNextMessage":null},"intent":{"name":null,"slots":null}},"successConditional":null,"timeoutResponse":null,"timeoutNextStep":{"sessionAttributes":null,"dialogAction":{"type":"EndConversation","slotToElicit":null,"suppressNextMessage":null},"intent":{"name":null,"slots":null}},"timeoutConditional":null}},"nextStep":{"sessionAttributes":null,"dialogAction":{"type":"InvokeDialogCodeHook","slotToElicit":null,"suppressNextMessage":null},"intent":{"name":null,"slots":null}},"initialResponse":null},"inputContexts":null,"outputContexts":null,"kendraConfiguration":null,"qnAIntentConfiguration":null,"bedrockAgentIntentConfiguration":null,"dialogCodeHook":null,"fulfillmentCodeHook":null,"slotPriorities":[{"priority":1,"slotName":"JobOptions"}]}