{"name":"InitialOptions","identifier":"AG44F7RKUQ","description":null,"slotTypeValues":[{"synonyms":[{"value":"vagas"},{"value":"Vagas"}],"sampleValue":{"value":"vagas"}},{"synonyms":[{"value":"canais"},{"value":"canais de comunicação"},{"value":"comunicação"},{"value":"Canais de comunicação"}],"sampleValue":{"value":"canais de comunicacao"}},{"synonyms":[{"value":"sobre nos"},{"value":"sobre nós"},{"value":"Sobre nós"}],"sampleValue":{"value":"sobre nos"}}],"parentSlotTypeSignature":null,"valueSelectionSetting":{"resolutionStrategy":"TOP_RESOLUTION","regexFilter":null}}