{"name":"InitialOptions","identifier":"AG44F7RKUQ","description":null,"slotTypeValues":[{"synonyms":[{"value":"vagas"},{"value":"Vagas"}],"sampleValue":{"value":"Vagas"}},{"synonyms":[{"value":"canais"},{"value":"canais de comunicação"},{"value":"comunicação"}],"sampleValue":{"value":"Canais de comunicação"}},{"synonyms":[{"value":"sobre nos"}],"sampleValue":{"value":"Sobre Nós"}}],"parentSlotTypeSignature":null,"valueSelectionSetting":{"resolutionStrategy":"TOP_RESOLUTION","regexFilter":null}}