{"name":"TypeOfJobs","identifier":"CY7NGSZBEA","description":null,"slotTypeValues":[{"synonyms":[{"value":"AI"},{"value":"ml"},{"value":"ai&ml"},{"value":"inteligencia artificial"},{"value":"Artificial Intelligence & Machine Learning"}],"sampleValue":{"value":"AI & ML"}},{"synonyms":[{"value":"Business Management"},{"value":"business"}],"sampleValue":{"value":"Business Management"}},{"synonyms":[{"value":"full stack"},{"value":"dev web"},{"value":"web"},{"value":"Fullstack Web Apps"}],"sampleValue":{"value":"Fullstack Web Apps"}},{"synonyms":[{"value":"comercialização"},{"value":"comercializacao"},{"value":"marketing"},{"value":"Marketing"}],"sampleValue":{"value":"Marketing"}}],"parentSlotTypeSignature":null,"valueSelectionSetting":{"resolutionStrategy":"TOP_RESOLUTION","regexFilter":null}}