{"name":"WelcomeIntent","identifier":"7RDW97HFYW","description":"Intent inicial, apresentação do bot e das opções disponíveis.","parentIntentSignature":null,"sampleUtterances":[{"utterance":"iniciar"},{"utterance":"oi"},{"utterance":"olá"},{"utterance":"ola"},{"utterance":"bom dia"},{"utterance":"boa tarde"},{"utterance":"boa noite"},{"utterance":"entrada"},{"utterance":"área de entrada"},{"utterance":"area de entrada"},{"utterance":"começar"},{"utterance":"funções"},{"utterance":"função"},{"utterance":"funcionalidade"},{"utterance":"opa"},{"utterance":"alo"},{"utterance":"coé"},{"utterance":"salve"},{"utterance":"entrar"},{"utterance":"aoba"},{"utterance":"aopa"},{"utterance":"oii"}],"intentConfirmationSetting":null,"intentClosingSetting":{"isActive":false,"nextStep":{"sessionAttributes":null,"intent":{"name":null,"slots":null},"dialogAction":{"type":"EndConversation","slotToElicit":null,"suppressNextMessage":null}},"closingResponse":null},"initialResponseSetting":{"conditional":null,"codeHook":null,"nextStep":{"sessionAttributes":null,"intent":{"name":null,"slots":null},"dialogAction":{"type":"ElicitSlot","slotToElicit":"InitialOptions","suppressNextMessage":null}},"initialResponse":null},"inputContexts":null,"outputContexts":null,"kendraConfiguration":null,"qnAIntentConfiguration":null,"bedrockAgentIntentConfiguration":null,"dialogCodeHook":{"enabled":false},"fulfillmentCodeHook":null,"slotPriorities":[{"priority":1,"slotName":"InitialOptions"}]}