{"name":"CommunicationChannelsIntent","identifier":"VAX1IMZ5NG","description":"Redes sociais para contato com a Compass.","parentIntentSignature":null,"sampleUtterances":[{"utterance":"canais de comunicação"},{"utterance":"abrir redes sociais da compass"},{"utterance":"abrir redes sociais"},{"utterance":"entrar em contato com a compass"},{"utterance":"entrar em contato"},{"utterance":"contato"},{"utterance":"formas de contato"},{"utterance":"redes sociais"},{"utterance":"abrir redes sociais da empresa"},{"utterance":"contato com a compass"},{"utterance":"contato com a empresa"},{"utterance":"canais de comunicação da empresa"},{"utterance":"canais de comunicação da compass"}],"intentConfirmationSetting":null,"intentClosingSetting":{"isActive":true,"conditional":{"isActive":true,"conditionalBranches":[{"name":"linkedin","condition":{"expressionString":"{redesSociais} = \"Linkedin\""},"response":{"messageGroupsList":[{"message":{"ssmlMessage":null,"customPayload":null,"plainTextMessage":{"value":"O link para o LinkedIn da Compass é: https://www.linkedin.com/company/compass-uol/"},"imageResponseCard":null},"variations":null}],"allowInterrupt":true},"nextStep":{"sessionAttributes":null,"intent":{"name":null,"slots":{}},"dialogAction":{"type":"ElicitIntent","slotToElicit":null,"suppressNextMessage":null}}},{"name":"instagram","condition":{"expressionString":"{redesSociais} = \"Instagram\""},"response":{"messageGroupsList":[{"message":{"ssmlMessage":null,"customPayload":null,"plainTextMessage":{"value":"O link para o Instagram da Compass é: https://www.instagram.com/compass.uol/"},"imageResponseCard":null},"variations":null}],"allowInterrupt":true},"nextStep":{"sessionAttributes":null,"intent":{"name":null,"slots":null},"dialogAction":{"type":"ElicitIntent","slotToElicit":null,"suppressNextMessage":null}}},{"name":"x","condition":{"expressionString":"{redesSociais} = \"X\""},"response":{"messageGroupsList":[{"message":{"ssmlMessage":null,"customPayload":null,"plainTextMessage":{"value":"O link para o X da Compass é: https://twitter.com/compassuol"},"imageResponseCard":null},"variations":null}],"allowInterrupt":true},"nextStep":{"sessionAttributes":null,"intent":{"name":null,"slots":null},"dialogAction":{"type":"ElicitIntent","slotToElicit":null,"suppressNextMessage":null}}},{"name":"youtube","condition":{"expressionString":"{redesSociais} = \"YouTube\""},"response":{"messageGroupsList":[{"message":{"ssmlMessage":null,"customPayload":null,"plainTextMessage":{"value":"O link para o YouTube da Compass é: https://www.youtube.com/c/Compassuol"},"imageResponseCard":null},"variations":null}],"allowInterrupt":true},"nextStep":{"sessionAttributes":null,"intent":{"name":null,"slots":null},"dialogAction":{"type":"ElicitIntent","slotToElicit":null,"suppressNextMessage":null}}}],"defaultBranch":{"response":{"messageGroupsList":[{"message":{"ssmlMessage":null,"customPayload":null,"plainTextMessage":{"value":"O link para o Facebook da Compass é: https://www.facebook.com/compass.uol"},"imageResponseCard":null},"variations":null}],"allowInterrupt":true},"nextStep":{"sessionAttributes":null,"intent":{"name":null,"slots":null},"dialogAction":{"type":"ElicitIntent","slotToElicit":null,"suppressNextMessage":null}}}},"nextStep":{"sessionAttributes":null,"intent":{"name":null,"slots":{}},"dialogAction":{"type":"EvaluateConditional","slotToElicit":null,"suppressNextMessage":null}},"closingResponse":null},"initialResponseSetting":{"conditional":null,"codeHook":null,"nextStep":{"sessionAttributes":null,"intent":{"name":null,"slots":null},"dialogAction":{"type":"ElicitSlot","slotToElicit":"redesSociais","suppressNextMessage":null}},"initialResponse":null},"inputContexts":null,"outputContexts":null,"kendraConfiguration":null,"qnAIntentConfiguration":null,"bedrockAgentIntentConfiguration":null,"dialogCodeHook":null,"fulfillmentCodeHook":{"isActive":false,"postFulfillmentStatusSpecification":null,"fulfillmentUpdatesSpecification":null,"enabled":true},"slotPriorities":[{"priority":1,"slotName":"redesSociais"}]}