{"name":"Vaga","identifier":"RX4ZHF33PT","description":null,"slotTypeValues":[{"synonyms":null,"sampleValue":{"value":"Services Manager"}},{"synonyms":null,"sampleValue":{"value":"Project Coordinator"}},{"synonyms":null,"sampleValue":{"value":"AI Developer | Mid"}},{"synonyms":null,"sampleValue":{"value":"Technical Presales Specialist for AI & ML"}},{"synonyms":null,"sampleValue":{"value":"React/Springboot Fullstack Developer Financial | Mid"}},{"synonyms":null,"sampleValue":{"value":"TypeScript/Node.js - Software Engineer | Senior"}},{"synonyms":null,"sampleValue":{"value":"Fullstack Java Springboot Developer | Mid/Senior "}},{"synonyms":null,"sampleValue":{"value":"Graphic Designer | Senior"}},{"synonyms":null,"sampleValue":{"value":"Copywriter | Senior"}},{"synonyms":null,"sampleValue":{"value":"Marketing Analyst"}}],"parentSlotTypeSignature":null,"valueSelectionSetting":{"resolutionStrategy":"ORIGINAL_VALUE","regexFilter":null}}