{"name":"WelcomeIntent","identifier":"Q12IUXRSRA","description":"Intent inicial, apresentação do bot e das opções disponíveis.","parentIntentSignature":null,"sampleUtterances":[{"utterance":"iniciar"},{"utterance":"oi"},{"utterance":"olá"},{"utterance":"ola"},{"utterance":"bom dia"},{"utterance":"boa tarde"},{"utterance":"boa noite"},{"utterance":"entrada"},{"utterance":"área de entrada"},{"utterance":"area de entrada"},{"utterance":"começar"},{"utterance":"funções"},{"utterance":"função"},{"utterance":"funcionalidade"},{"utterance":"opa"},{"utterance":"alo"},{"utterance":"coé"},{"utterance":"salve"},{"utterance":"entrar"},{"utterance":"aoba"},{"utterance":"aopa"},{"utterance":"oii"},{"utterance":"inicio"},{"utterance":"bao dia"}],"intentConfirmationSetting":null,"intentClosingSetting":null,"initialResponseSetting":{"conditional":null,"codeHook":null,"nextStep":{"intent":{"name":null,"slots":null},"sessionAttributes":null,"dialogAction":{"type":"ElicitSlot","slotToElicit":"InitialOptions","suppressNextMessage":null}},"initialResponse":null},"inputContexts":null,"outputContexts":null,"kendraConfiguration":null,"qnAIntentConfiguration":null,"bedrockAgentIntentConfiguration":null,"dialogCodeHook":{"enabled":false},"fulfillmentCodeHook":null,"slotPriorities":[{"priority":1,"slotName":"InitialOptions"}]}