{"name":"Vaga","identifier":"Q5JVWDAXBY","description":null,"slotTypeValues":[{"synonyms":null,"sampleValue":{"value":".Net Software Architect | MID/Senior"}},{"synonyms":null,"sampleValue":{"value":"Solution Architect | Mid/Senior"}},{"synonyms":null,"sampleValue":{"value":"Software Architect | Senior"}},{"synonyms":null,"sampleValue":{"value":"Site Reliability Engineering | MID/Senior"}},{"synonyms":null,"sampleValue":{"value":"Cloud Security Analyst | Senior"}},{"synonyms":null,"sampleValue":{"value":"Azure Cloud Application Architect | Senior"}},{"synonyms":null,"sampleValue":{"value":"Cloud Azure Devops Analyst | Senior"}},{"synonyms":null,"sampleValue":{"value":"Fullstack Java Springboot Developer | Mid/Senior"}},{"synonyms":null,"sampleValue":{"value":"TypeScript/Node.js - Software Engineer | Senior"}},{"synonyms":null,"sampleValue":{"value":"React/Springboot Fullstack Developer Financial | Mid/Senior"}},{"synonyms":null,"sampleValue":{"value":"Marketing Analyst"}},{"synonyms":null,"sampleValue":{"value":"Copywriter | Senior"}},{"synonyms":null,"sampleValue":{"value":"Graphic Designer | Senior"}}],"parentSlotTypeSignature":null,"valueSelectionSetting":{"resolutionStrategy":"ORIGINAL_VALUE","regexFilter":null}}