{"name":"ConsultJobIntent","identifier":"FHKI8GVLWK","description":"Intent para consultar vagas disponíveis.","parentIntentSignature":null,"sampleUtterances":[{"utterance":"quero consultar as vagas"},{"utterance":"consultar vagas"},{"utterance":"consultar vagas compass"},{"utterance":"quero consultar as vagas da compass"},{"utterance":"Consultar vagas disponíveis"},{"utterance":"quero trabalhar na compass"},{"utterance":"quero trabalhar com voces"},{"utterance":"consultar vagas de emprego"},{"utterance":"trabalhar na compass"},{"utterance":"trabalhar na empresa"},{"utterance":"vagas disponiveis para cadastro"},{"utterance":"vagas disponiveis"}],"intentConfirmationSetting":null,"intentClosingSetting":{"isActive":true,"conditional":{"isActive":true,"conditionalBranches":[{"name":"BusinessManagement","condition":{"expressionString":"{tipoDeVagasEmprego} = \"Business Management\""},"response":{"messageGroupsList":[{"message":{"ssmlMessage":null,"customPayload":null,"plainTextMessage":{"value":"Temos as seguintes opções em Business Management, para mais informações acesse o link correspondente:"},"imageResponseCard":null},"variations":null},{"message":{"ssmlMessage":null,"customPayload":null,"plainTextMessage":null,"imageResponseCard":{"title":"ㅤ","subtitle":null,"imageUrl":"https://novobucket66.s3.amazonaws.com/business.jpg","buttonsList":null}},"variations":null},{"message":{"ssmlMessage":null,"customPayload":null,"plainTextMessage":{"value":"Services Manager  https://compass.gupy.io/candidates/jobs/6641900/apply"},"imageResponseCard":null},"variations":null},{"message":{"ssmlMessage":null,"customPayload":null,"plainTextMessage":{"value":"Project Coordinator  https://compass.gupy.io/candidates/jobs/7436785/apply"},"imageResponseCard":null},"variations":null}],"allowInterrupt":true},"nextStep":{"sessionAttributes":null,"dialogAction":{"type":"ElicitIntent","slotToElicit":null,"suppressNextMessage":null},"intent":{"name":null,"slots":null}}},{"name":"AIeML","condition":{"expressionString":"{tipoDeVagasEmprego} = \"AI & ML\""},"response":{"messageGroupsList":[{"message":{"ssmlMessage":null,"customPayload":null,"plainTextMessage":{"value":"Temos as seguintes opções em Artificial Intelligence & Machine Learning, para mais informações acesse o link correspondente:"},"imageResponseCard":null},"variations":null},{"message":{"ssmlMessage":null,"customPayload":null,"plainTextMessage":null,"imageResponseCard":{"title":"ㅤ","subtitle":null,"imageUrl":"https://novobucket66.s3.amazonaws.com/ia.jpg","buttonsList":null}},"variations":null},{"message":{"ssmlMessage":null,"customPayload":null,"plainTextMessage":{"value":"AI Developer | Mid https://compass.gupy.io/candidates/jobs/7368699/apply"},"imageResponseCard":null},"variations":null},{"message":{"ssmlMessage":null,"customPayload":null,"plainTextMessage":{"value":"Technical Presales Specialist for AI & ML https://compass.gupy.io/candidates/jobs/7450268/apply"},"imageResponseCard":null},"variations":null}],"allowInterrupt":true},"nextStep":{"sessionAttributes":null,"dialogAction":{"type":"ElicitIntent","slotToElicit":null,"suppressNextMessage":null},"intent":{"name":null,"slots":null}}},{"name":"FullStack","condition":{"expressionString":"{tipoDeVagasEmprego} = \"FullStack Web Apps\""},"response":{"messageGroupsList":[{"message":{"ssmlMessage":null,"customPayload":null,"plainTextMessage":{"value":"Temos as seguintes opções em FullStack Web Apps, para mais informações acesse o link correspondente:"},"imageResponseCard":null},"variations":null},{"message":{"ssmlMessage":null,"customPayload":null,"plainTextMessage":null,"imageResponseCard":{"title":"ㅤ","subtitle":null,"imageUrl":"https://novobucket66.s3.amazonaws.com/fullstack.png","buttonsList":null}},"variations":null},{"message":{"ssmlMessage":null,"customPayload":null,"plainTextMessage":{"value":"Fullstack Java Springboot Developer | Mid/Senior  https://compass.gupy.io/candidates/jobs/6710352/apply"},"imageResponseCard":null},"variations":null},{"message":{"ssmlMessage":null,"customPayload":null,"plainTextMessage":{"value":"TypeScript/Node.js - Software Engineer | Senior https://compass.gupy.io/candidates/jobs/7236840/apply"},"imageResponseCard":null},"variations":null},{"message":{"ssmlMessage":null,"customPayload":null,"plainTextMessage":{"value":"React/Springboot Fullstack Developer Financial | Mid https://compass.gupy.io/candidates/jobs/7323190/apply"},"imageResponseCard":null},"variations":null}],"allowInterrupt":true},"nextStep":{"sessionAttributes":null,"dialogAction":{"type":"ElicitIntent","slotToElicit":null,"suppressNextMessage":null},"intent":{"name":null,"slots":null}}},{"name":"Marketing","condition":{"expressionString":"{tipoDeVagasEmprego} = \"Marketing\""},"response":{"messageGroupsList":[{"message":{"ssmlMessage":null,"customPayload":null,"plainTextMessage":{"value":"Temos as seguintes opções em Marketing, para mais informações acesse o link correspondente:"},"imageResponseCard":null},"variations":null},{"message":{"ssmlMessage":null,"customPayload":null,"plainTextMessage":null,"imageResponseCard":{"title":"ㅤ","subtitle":null,"imageUrl":"https://novobucket66.s3.amazonaws.com/marketing.webp","buttonsList":null}},"variations":null},{"message":{"ssmlMessage":null,"customPayload":null,"plainTextMessage":{"value":"Marketing Analyst https://compass.gupy.io/candidates/jobs/7251105/apply"},"imageResponseCard":null},"variations":null},{"message":{"ssmlMessage":null,"customPayload":null,"plainTextMessage":{"value":"Copywriter | Senior https://compass.gupy.io/candidates/jobs/7432961/apply"},"imageResponseCard":null},"variations":null},{"message":{"ssmlMessage":null,"customPayload":null,"plainTextMessage":{"value":"Graphic Designer | Senior  https://compass.gupy.io/candidates/jobs/7433169/apply"},"imageResponseCard":null},"variations":null}],"allowInterrupt":true},"nextStep":{"sessionAttributes":null,"dialogAction":{"type":"ElicitIntent","slotToElicit":null,"suppressNextMessage":null},"intent":{"name":null,"slots":null}}}],"defaultBranch":{"response":{"messageGroupsList":[{"message":{"ssmlMessage":null,"customPayload":null,"plainTextMessage":{"value":"Algo deu errado! Tente novamente."},"imageResponseCard":null},"variations":null}],"allowInterrupt":true},"nextStep":{"sessionAttributes":null,"dialogAction":{"type":"EndConversation","slotToElicit":null,"suppressNextMessage":null},"intent":{"name":null,"slots":null}}}},"nextStep":{"sessionAttributes":null,"dialogAction":{"type":"EvaluateConditional","slotToElicit":null,"suppressNextMessage":null},"intent":{"name":null,"slots":null}},"closingResponse":null},"initialResponseSetting":{"conditional":null,"codeHook":{"isActive":true,"enableCodeHookInvocation":true,"invocationLabel":null,"postCodeHookSpecification":{"failureResponse":null,"failureNextStep":{"sessionAttributes":null,"dialogAction":{"type":"EndConversation","slotToElicit":null,"suppressNextMessage":null},"intent":{"name":null,"slots":null}},"failureConditional":null,"successResponse":null,"successNextStep":{"sessionAttributes":null,"dialogAction":{"type":"ElicitSlot","slotToElicit":"tipoDeVagasEmprego","suppressNextMessage":null},"intent":{"name":null,"slots":null}},"successConditional":null,"timeoutResponse":null,"timeoutNextStep":{"sessionAttributes":null,"dialogAction":{"type":"EndConversation","slotToElicit":null,"suppressNextMessage":null},"intent":{"name":null,"slots":null}},"timeoutConditional":null}},"nextStep":{"sessionAttributes":null,"dialogAction":{"type":"InvokeDialogCodeHook","slotToElicit":null,"suppressNextMessage":null},"intent":{"name":null,"slots":null}},"initialResponse":null},"inputContexts":null,"outputContexts":null,"kendraConfiguration":null,"qnAIntentConfiguration":null,"bedrockAgentIntentConfiguration":null,"dialogCodeHook":{"enabled":false},"fulfillmentCodeHook":{"isActive":false,"postFulfillmentStatusSpecification":{"failureResponse":null,"failureNextStep":{"sessionAttributes":null,"dialogAction":{"type":"EndConversation","slotToElicit":null,"suppressNextMessage":null},"intent":{"name":null,"slots":null}},"successResponse":null,"successNextStep":{"sessionAttributes":null,"dialogAction":{"type":"ElicitIntent","slotToElicit":null,"suppressNextMessage":null},"intent":{"name":null,"slots":null}},"timeoutResponse":{"messageGroupsList":[{"message":{"ssmlMessage":null,"customPayload":null,"plainTextMessage":{"value":"A conexão com o Banco de Dados excedeu o tempo limite! Por favor, tente novamente mais tarde."},"imageResponseCard":null},"variations":null}],"allowInterrupt":true},"timeoutNextStep":{"sessionAttributes":null,"dialogAction":{"type":"EndConversation","slotToElicit":null,"suppressNextMessage":null},"intent":{"name":null,"slots":null}}},"fulfillmentUpdatesSpecification":{"active":false,"timeoutInSeconds":null,"startResponse":null,"updateResponse":null},"enabled":false},"slotPriorities":[{"priority":1,"slotName":"tipoDeVagasEmprego"}]}