{"name":"JobOptions","identifier":"WUAKZNTYJV","description":null,"slotTypeValues":[{"synonyms":[{"value":"vagas"},{"value":"disponiveis "},{"value":"vagas disponíveis"},{"value":"vagas disponiveis"},{"value":"disponíveis"},{"value":"ver vagas"},{"value":"vagas disponiveis"},{"value":"vagas em aberto"}],"sampleValue":{"value":"Consultar vagas disponíveis"}},{"synonyms":[{"value":"aplicações "},{"value":"cadastradas"},{"value":"minhas vagas"},{"value":"Consultar suas aplicações"},{"value":"minhas aplicações"},{"value":"vagas que me cadastrei"},{"value":"vagas cadastradas"},{"value":"vagas que apliquei"}],"sampleValue":{"value":"Consultar vagas cadastradas"}},{"synonyms":[{"value":"cadastrar-me"},{"value":"cadastrar-se"},{"value":"cadastrar"},{"value":"me inscrever"},{"value":"inscrever-me"},{"value":"me cadastrar"},{"value":"Cadastrar-se em uma vaga"},{"value":"aplicar a uma vaga"},{"value":"quero me cadastrar em uma vaga"}],"sampleValue":{"value":"Cadastrar-me em alguma vaga"}}],"parentSlotTypeSignature":null,"valueSelectionSetting":{"resolutionStrategy":"TOP_RESOLUTION","regexFilter":null}}