{"name":"CommunicationType","identifier":"KN21GQVP7Q","description":null,"slotTypeValues":[{"synonyms":null,"sampleValue":{"value":"linkedin"}},{"synonyms":[{"value":"twitter"}],"sampleValue":{"value":"x"}},{"synonyms":[{"value":"fb"},{"value":"face"}],"sampleValue":{"value":"facebook"}},{"synonyms":[{"value":"ytb"}],"sampleValue":{"value":"youtube"}},{"synonyms":[{"value":"ig"},{"value":"insta"}],"sampleValue":{"value":"instagram"}}],"parentSlotTypeSignature":null,"valueSelectionSetting":{"resolutionStrategy":"TOP_RESOLUTION","regexFilter":null}}